Id,Probability
1,0.787145237981664
2,0.489035132587288
3,0.991442771217563
4,0.869425707028523
5,0.942524529576793
6,0.528966996032617
7,0.19877526061427
8,0.582673448389262
9,0.992211091745465
10,0.354363181140934
11,0.160026134163295
12,0.260743060987445
13,0.364758915276898
14,0.973349317690631
15,0.859239262299573
16,0.62931904530601
17,0.746270170588915
18,0.723471319898962
19,0.330272851311786
20,0.515248231317802
21,0.509476636342044
22,0.843020306794848
23,0.0187574641447993
24,0.299138533025073
25,0.765593136360399
26,0.603212170080902
27,0.210904798402011
28,0.948850566760591
29,0.484706373600058
30,0.175449636854182
31,0.517219906807311
32,0.618369964191875
33,0.519709708713098
34,0.234507784129705
35,0.653148204315682
36,0.547452376341605
37,0.805242696535966
38,0.91395221500938
39,0.775592484457997
40,0.431252195764981
41,0.860185833747486
42,0.324286413124971
43,0.987170832146369
44,0.0779396122984429
45,0.475217389795552
46,0.882110789766958
47,0.971546161676543
48,0.208295282675548
49,0.183418947387466
50,0.0828927449687809
51,0.356947312792129
52,0.110695424081954
53,0.775211431777673
54,0.500667010914051
55,0.362591311418196
56,0.119670925230092
57,0.783369653500317
58,0.954239161750031
59,0.731385703716119
60,0.677937536648684
61,0.948283366304969
62,0.263640186764571
63,0.0355847891446919
64,0.52946264551215
65,0.8865241879339
66,0.268960286876983
67,0.205524688420465
68,0.915475271353409
69,0.334392513802286
70,0.475743206564582
71,0.23714524544358
72,0.592812882355037
73,0.951557549116394
74,0.477460789642807
75,0.658177222670581
76,0.383193987939435
77,0.0877165850830414
78,0.284744494161589
79,0.34503717681264
80,0.751619756293078
81,0.872540310702651
82,0.460065220783358
83,0.310389907820109
84,0.0129667440097807
85,0.761530583798959
86,0.141615102778362
87,0.939721228512874
88,0.757111911380841
89,0.430089649982127
90,0.773498115578644
91,0.437287963976406
92,0.456883307864194
93,0.400831643602142
94,0.335819180350241
95,0.844690775639952
96,0.334524059715907
97,0.229424804331215
98,0.932330260294999
99,0.270445191907907
100,0.776131668192623
101,0.0748245115774467
102,0.941720484026044
103,0.50475981397004
104,0.950447040655904
105,0.834119125918185
106,0.357570184173086
107,0.736785311719771
108,0.353277377690973
109,0.82331839156918
110,0.577729430638696
111,0.921081335049041
112,0.426170678411423
113,0.651049050179908
114,0.323398995949226
115,0.101501834125148
116,0.0271323804584535
117,0.904310421197501
118,0.397819826291619
119,0.528128165929171
120,0.94718931258833
121,0.689752130970102
122,0.504128799755143
123,0.258695608442758
124,0.105338742380435
125,0.675407968180143
126,0.472906354148652
127,0.756082158594256
128,0.539315531298558
129,0.832753897515386
130,0.321979161721199
131,0.239049858901687
132,0.67980379295665
133,0.0122997625529983
134,0.34701904281708
135,0.603265479179886
136,0.585178492090129
137,0.0742584012760018
138,0.168516917650183
139,0.24532925222716
140,0.641119827024283
141,0.105110965282466
142,0.771325870251829
143,0.402539411928616
144,0.885272180925895
145,0.168667693435057
146,0.98077942403208
147,0.354106514479304
148,0.430224896131853
149,0.406251510275388
150,0.127146995825674
151,0.231142867941838
152,0.808680530778481
153,0.452040512303824
154,0.0299845271021644
155,0.473057259383748
156,0.987030719676007
157,0.123579905901819
158,0.496829691160067
159,0.705076897231034
160,0.594589027601034
161,0.733225016558988
162,0.0846410745680624
163,0.47874717074373
164,0.628684889959529
165,0.0495772699577647
166,0.886235859138518
167,0.028896304934531
168,0.128329628315216
169,0.796998580591782
170,0.784855016900718
171,0.742732914056492
172,0.196047507811004
173,0.204684718186271
174,0.683985025489112
175,0.86557028946795
176,0.348780351874034
177,0.655780718662748
178,0.0125641119112004
179,0.657395020814497
180,0.195807098290598
181,0.721071803518316
182,0.351326899676366
183,0.942228757711806
184,0.935518445013694
185,0.177332121838497
186,0.337331602937322
187,0.368107937209075
188,0.146778706149942
189,0.321435541733499
190,0.731863575594056
191,0.900300284859106
192,0.0376668977930746
193,0.0282737998130532
194,0.500935974730579
195,0.733084428527146
196,0.680046930071569
197,0.740114639329736
198,0.544647825019946
199,0.324840292399437
200,0.712373496271619
201,0.970666156250908
202,0.421849724944389
203,0.917456866835385
204,0.105202043005477
205,0.887118259929131
206,0.0778699534463367
207,0.445427845024464
208,0.918857896639063
209,0.317689671372212
210,0.0654961974067205
211,0.384309896318006
212,0.153844703406181
213,0.973625413870179
214,0.278099040208613
215,0.543398663040061
216,0.665512990006722
217,0.476151083172278
218,0.619297675311503
219,0.791832171301987
220,0.356793247625024
221,0.210420199232649
222,0.764436060777752
223,0.551582098503528
224,0.711037724160087
225,0.896151882555333
226,0.100557693956512
227,0.513018410591972
228,0.894746644374492
229,0.545618307843322
230,0.418307382684926
231,0.0864005783694284
232,0.149289956162465
233,0.635809545371805
234,0.375792659987012
235,0.801310869967084
236,0.582437162737519
237,0.378572184472173
238,0.377643151555698
239,0.0961132729686256
240,0.650738083598458
241,0.365490533331331
242,0.90266260721983
243,0.658096241039974
244,0.614343487235857
245,0.637932759953464
246,0.794696817340584
247,0.887621630026173
248,0.600475303634456
249,0.520583384217512
250,0.372504679025973
251,0.56785592554015
252,0.110626543055674
253,0.694020360091331
254,0.402992976382103
255,0.810533632417037
256,0.666690679045613
257,0.383539080167454
258,0.956198483086697
259,0.102187671440664
260,0.264615295300454
261,0.803230045966282
262,0.790381379589379
263,0.571235702578407
264,0.0481308704889638
265,0.557622719272702
266,0.839537229928164
267,0.700501836878789
268,0.208790726062916
269,0.435833952045455
270,0.547886750704936
271,0.173859673229937
272,0.591451624369814
273,0.322401723349911
274,0.666961891517564
275,0.320062427244344
276,0.505858978546015
277,0.413706574912393
278,0.0346347510516635
279,0.603259729578916
280,0.802591440340704
281,0.493458977992435
282,0.0543039257574888
283,0.139231600894794
284,0.950736252772578
285,0.669310872886212
286,0.198723398960473
287,0.6233047353057
288,0.313804353288722
289,0.15250486233362
290,0.465887062113368
291,0.590890261735398
292,0.655512321329214
293,0.371196965697697
294,0.4823183099044
295,0.223939476654197
296,0.105900401207839
297,0.945899384052132
298,0.171248733417827
299,0.0856077660705168
300,0.316803045074348
301,0.0715508212653029
302,0.89862440294294
303,0.0868661448280081
304,0.744193077784568
305,0.481832523191562
306,0.519100589833916
307,0.616323215871916
308,0.761658969997524
309,0.518200986863474
310,0.522417578374292
311,0.792978632096098
312,0.0200606874830628
313,0.228663901537509
314,0.869439747505789
315,0.0525181438417942
316,0.0669559090323515
317,0.125459462344059
318,0.867348839021
319,0.642316111086199
320,0.865972525489031
321,0.916750213557891
322,0.64058359846406
323,0.686149982858554
324,0.556464526503131
325,0.017093380611292
326,0.0361223577038945
327,0.0528999402340595
328,0.49499372954299
329,0.447882509256298
330,0.733892163438214
331,0.184539900234279
332,0.828820672825365
333,0.42233259540831
334,0.00759644592009756
335,0.756342562703704
336,0.434221383531619
337,0.105730969865178
338,0.0889742713733913
339,0.304846074667782
340,0.506629041787148
341,0.566918207468863
342,0.395560653315342
343,0.625106284775917
344,0.499177146203254
345,0.464496808670025
346,0.75279934725127
347,0.0919088653221413
348,0.0173696738231919
349,0.412641706951018
350,0.632798468769759
351,0.65368579897512
352,0.425020204937181
353,0.187047780817192
354,0.0966353914775158
355,0.980934944080044
356,0.317022070760514
357,0.360234640768104
358,0.282893078464374
359,0.334665828962345
360,0.253110525501626
361,0.415476638433217
362,0.571649960006537
363,0.513485210752769
364,0.455911302435251
365,0.755238084989109
366,0.541505803955218
367,0.263783603491089
368,0.248407981821794
369,0.168481092856323
370,0.514597160958938
371,0.312668382834001
372,0.128575181103981
373,0.65775882487415
374,0.308695681348891
375,0.180592752949133
376,0.922817640439445
377,0.214210292582028
378,0.332708634297624
379,0.693139917593369
380,0.793168435169812
381,0.532347931297144
382,0.716215587422202
383,0.308192878811819
384,0.787488969239594
385,0.954133380151701
386,0.543165534427393
387,0.337311584035956
388,0.982924509531
389,0.40097162431841
390,0.268616487206963
391,0.715586329783233
392,0.957989287715746
393,0.31383981690206
394,0.118940854091037
395,0.904938304012823
396,0.0253953476567647
397,0.640612338686866
398,0.463516442120071
399,0.710502127919527
400,0.829712813891497
401,0.400931602132999
402,0.246777846437437
403,0.41119850367443
404,0.467144126823399
405,0.498477221608539
406,0.543111451910096
407,0.27990269685891
408,0.741020173507869
409,0.39559389496283
410,0.217079504067978
411,0.571332995502073
412,0.43351967044793
413,0.348075821152926
414,0.84280934096585
415,0.319885333359353
416,0.74500690645376
417,0.57134768541051
418,0.395894329080821
419,0.200101203915635
420,0.2743948732612
421,0.365918629384339
422,0.878626433511084
423,0.313216939929971
424,0.411053533701833
425,0.694066027840596
426,0.67300332414092
427,0.667212599982833
428,0.121707945411258
429,0.0844326162031347
430,0.623659833075943
431,0.609625787211999
432,0.711350508876381
433,0.991947347444372
434,0.698449429726118
435,0.163072409292503
436,0.281723516078979
437,0.132447758265249
438,0.538599027429943
439,0.29708107204193
440,0.243739859597507
441,0.594321207263601
442,0.500889880052906
443,0.122605962038264
444,0.974828811019502
445,0.189735367505749
446,0.833237795970976
447,0.329736044655348
448,0.0955891483107466
449,0.0813673526521393
450,0.337053630559991
451,0.0108847994483646
452,0.979792175460947
453,0.448676450342957
454,0.0484398262494879
455,0.283771378268488
456,0.223508986278377
457,0.24140296501498
458,0.550648129550586
459,0.767688567562112
460,0.977771091996438
461,0.368775798438931
462,0.129236039910447
463,0.64552031529047
464,0.32486435005806
465,0.332890130346857
466,0.445057876794019
467,0.0255310327607999
468,0.712059393480292
469,0.393171399554522
470,0.0744564243353416
471,0.266559858896833
472,0.0669489157190393
473,0.810440047251839
474,0.613190901486901
475,0.0414207400641906
476,0.593613081953488
477,0.72507052049748
478,0.227655377901406
479,0.704977559170531
480,0.351950958500382
481,0.293740989859748
482,0.468939983193282
483,0.978806719669337
484,0.384492978929468
485,0.794600445777731
486,0.847101356564979
487,0.96720696760348
488,0.598691474192824
489,0.642206166535987
490,0.968396763445676
491,0.416397740458411
492,0.673471088358516
493,0.122324292366083
494,0.695074608467736
495,0.944020010076272
496,0.938616752799507
497,0.782975854295353
498,0.237524223969466
499,0.891449166469348
500,0.455788297981705
501,0.346088031686198
502,0.953026773798043
503,0.914862404252522
504,0.30680956842398
505,0.709956493878041
506,0.347156604968726
507,0.639594605795502
508,0.233313938879291
509,0.492265085596117
510,0.535216921758655
511,0.0671750578588003
512,0.83660623760606
513,0.746219969005779
514,0.740427310308061
515,0.795737873760528
516,0.655749010935942
517,0.107627640255116
518,0.851206327508992
519,0.00038913430143328
520,0.477991597981466
521,0.690911515432726
522,0.917107238153008
523,0.196519822847833
524,0.255594142950374
525,0.61713332567642
526,0.714083966908666
527,0.722399569833227
528,0.395554816171273
529,0.47336608851575
530,0.36221758368379
531,0.47686455987546
532,0.14511602153229
533,0.362001464037809
534,0.349780470885544
535,0.60895739482082
536,0.950034917958258
537,0.321476337805418
538,0.463280708426161
539,0.517207780121552
540,0.741664885073776
541,0.961317465391255
542,0.545912684561264
543,0.515857517384962
544,0.105633203554418
545,0.220841023719615
546,0.038523216651928
547,0.49252607559315
548,0.00676465177108387
549,0.0550225340857892
550,0.117314893629048
551,0.177296673783491
552,0.468241188893442
553,0.579256835733407
554,0.371325061189492
555,0.872069248554271
556,0.337461696070845
557,0.118316602389848
558,0.131549364634991
559,0.639652634311619
560,0.885839255580332
561,0.936722653427521
562,0.367387715842196
563,0.351936198142422
564,0.133725052757256
565,0.955280849443359
566,0.947587734248386
567,0.523324101491728
568,0.0382244895626922
569,0.147249656038263
570,0.605457603008081
571,0.34104523068194
572,0.377175524117294
573,0.907006451592205
574,0.507074254944914
575,0.463024540264764
576,0.976119395322727
577,0.201438844691897
578,0.553694954336619
579,0.59560551644124
580,0.398919727075151
581,0.673933608773355
582,0.625886824073101
583,0.210997965135672
584,0.56269019346526
585,0.936140511224082
586,0.202109662746888
587,0.490370921029712
588,0.407035586092986
589,0.279379838111922
590,0.766886958542807
591,0.296376775814991
592,0.394208859251723
593,0.379017172449667
594,0.422616451523544
595,0.064722385460931
596,0.0820298606698644
597,0.290223768037305
598,0.96400666473272
599,0.501893100367508
600,0.0232121271024813
601,0.804849571676099
602,0.247762072197114
603,0.0607675605128192
604,0.919183290735852
605,0.152158365466062
606,0.31996003703812
607,0.0198693336368624
608,0.306366586217905
609,0.552116386644759
610,0.462560276595779
611,0.299004858177746
612,0.438389521667652
613,0.372578078963978
614,0.821676919345489
615,0.47083371036805
616,0.828891455326148
617,0.819769911927339
618,0.260800007009865
619,0.990524505755516
620,0.591415230431079
621,0.0298232799865353
622,0.305326119694332
623,0.364871131428828
624,0.0855089063299755
625,0.213491069818367
626,0.577052603815247
627,0.333922211373804
628,0.490412653279017
629,0.817314081198059
630,0.580694312798735
631,0.660145165593844
632,0.173323733111291
633,0.861889647224475
634,0.319764191950988
635,0.77128447756831
636,0.313146964886191
637,0.781997709057719
638,0.132249121648735
639,0.927378370467582
640,0.06442584691277
641,0.602140308364352
642,0.660927159762544
643,0.431276220104963
644,0.644180020060601
645,0.51953358400031
646,0.827748706491505
647,0.527999279060661
648,0.373973053490266
649,0.451319075435043
650,0.196664212171633
651,0.0703685689168619
652,0.663739515064244
653,0.403639966213322
654,0.411096750323039
655,0.534867993048576
656,0.323187746415054
657,0.757826033578763
658,0.339036066494956
659,0.878442550400577
660,0.362680619600865
661,0.149005739955907
662,0.130450460156038
663,0.187961946120114
664,0.426678898322869
665,0.952941057196294
666,0.411941334659746
667,0.710457874113414
668,0.896057600533289
669,0.426717557314325
670,0.198852787007867
671,0.286318036244433
672,0.333595438008153
673,0.419696362388148
674,0.1751809074793
675,0.665289302357062
676,0.829991995882373
677,0.0829436685391867
678,0.626213253422523
679,0.655043897541352
680,0.200811872954357
681,0.423324174110369
682,0.547839106260819
683,0.0160965242718911
684,0.163954521506713
685,0.357083346392599
686,0.970491463319498
687,0.460893161194624
688,0.532830887629876
689,0.543733427132573
690,0.197920081562242
691,0.75733734795279
692,0.198400606374505
693,0.535857703172664
694,0.579557913022192
695,0.155802227127592
696,0.571324769195406
697,0.517969880594551
698,0.731863593069812
699,0.0321456802224779
700,0.280303922297608
701,0.572005841926152
702,0.99532383637553
703,0.535529577982865
704,0.55450650897291
705,0.40012977656253
706,0.750656685984084
707,0.417001064475189
708,0.37116593679434
709,0.51935542106862
710,0.0213139736221405
711,0.63783151092062
712,0.413956041307292
713,0.404694593783315
714,0.596829070737817
715,0.345540545857381
716,0.0130898847936023
717,0.117311633882685
718,0.852119719523618
719,0.498755831188118
720,0.122386927852749
721,0.545159826539778
722,0.387382123890149
723,0.103987294426371
724,0.792726738124138
725,0.813694863379786
726,0.527499014903251
727,0.207625730746031
728,0.960628277512823
729,0.668832403752104
730,0.428503010635561
731,0.844292752502803
732,0.597267909668149
733,0.708795117441016
734,0.764976711768309
735,0.12625228578048
736,0.505958259505482
737,0.357205818450135
738,0.928072455912999
739,0.261531321017653
740,0.406235536371718
741,0.333406077841507
742,0.500158054733835
743,0.60569801879439
744,0.0612065918079182
745,0.805005085429364
746,0.579984427513204
747,0.0294087310436976
748,0.308829186866453
749,0.958953801154541
750,0.667184208122124
751,0.124720606718214
752,0.513507221210309
753,0.71242354792661
754,0.761815868066924
755,0.811991832850331
756,0.891825180075339
757,0.75813105300689
758,0.736580846958975
759,0.794353255390692
760,0.192429938969712
761,0.742320668549636
762,0.435475027633339
763,0.307798198213948
764,0.305758031248548
765,0.782946438597334
766,0.145525634682652
767,0.0753366262073
768,0.0934181369727648
769,0.536172089677246
770,0.680304268849903
771,0.114773981573992
772,0.808709851238617
773,0.86858824603416
774,0.371003692149995
775,0.758783510699347
776,0.519277575408006
777,0.0952684857290168
778,0.919778294348926
779,0.757895781691473
780,0.161771618319548
781,0.067986795922801
782,0.80806284031468
783,0.873281007154213
784,0.420568485677312
785,0.0155521910667932
786,0.0400440307272056
787,0.539378529345186
788,0.469422890024412
789,0.812029750220439
790,0.857957194757291
791,0.461870896655775
792,0.0383697440003611
793,0.801897758867116
794,0.125977220768106
795,0.854994306023343
796,0.184976764748598
797,0.519038285858146
798,0.483098992340729
799,0.389247667636513
800,0.408317757120563
801,0.467078436517337
802,0.950152187338918
803,0.0469286760706032
804,0.994201260135721
805,0.350175304412212
806,0.174722942933821
807,0.338083993439473
808,0.842575079942655
809,0.406490914154565
810,0.936243107007179
811,0.519242192100816
812,0.876789323739727
813,0.18815283002243
814,0.00901497431346598
815,0.62078179651789
816,0.824139288538711
817,0.882798023950595
818,0.0737116113327857
819,0.891240899735007
820,0.600049826050923
821,0.594308287036905
822,0.574313548490564
823,0.281152347824023
824,0.036433603352705
825,0.749149486458494
826,0.449362287532698
827,0.0221803824070539
828,0.729929531337821
829,0.579816523478549
830,0.517106892530185
831,0.615166898423449
832,0.683022768164657
833,0.465626405791986
834,0.140458696619961
835,0.388720610870525
836,0.630420884166692
837,0.636699624244987
838,0.328408401900607
839,0.479998632038405
840,0.431622626201015
841,0.205211605610388
842,0.220378795433842
843,0.77612934524467
844,0.457942947832443
845,0.976188966144016
846,0.275971026992973
847,0.496918682860804
848,0.742825180486821
849,0.54515200683653
850,0.800207100795498
851,0.0960649719771999
852,0.524923752294035
853,0.906837743706828
854,0.11276154227065
855,0.5770502224328
856,0.599098204272199
857,0.000273959795546119
858,0.968198551054243
859,0.225449151917617
860,0.94720358389337
861,0.352421140439727
862,0.557247384894468
863,0.66693809220306
864,0.874488273925768
865,0.67159761182072
866,0.273026725691771
867,0.918055239301397
868,0.680349351957975
869,0.409681914581662
870,0.477890347116594
871,0.55552516101803
872,0.680530235568444
873,0.990254996629381
874,0.295844361005878
875,0.376909615688205
876,0.822522225302226
877,0.962517699186882
878,0.238603041211453
879,0.965284339594344
880,0.548400346968677
881,0.329584314730963
882,0.421351744832318
883,0.8152625540976
884,0.733617315131126
885,0.863232404356213
886,0.835170307527014
887,0.302564054630044
888,0.883564995002968
889,0.996548562997263
890,0.775839633216323
891,0.3882101585345
892,0.89580372563628
893,0.418295452895638
894,0.0672495926788065
895,0.043881944523106
896,0.585343514362507
897,0.698940660138467
898,0.0668528300683863
899,0.35546390937752
900,0.829023436309213
901,0.463217365361802
902,0.670094796356714
903,0.49913105076443
904,0.779698641836997
905,0.0320432960032004
906,0.980735484570317
907,0.866333915447027
908,0.806757577751761
909,0.319619543061243
910,0.862778778540155
911,0.2979749845609
912,0.456574871800264
913,0.815749484420414
914,0.00325660708949205
915,0.418806242825269
916,0.0121250717366882
917,0.217908085061144
918,0.35929473938415
919,0.449942973298732
920,0.950842884694054
921,0.317180669638167
922,0.274271556787969
923,0.863559423114011
924,0.00992400441732599
925,0.788188586508477
926,0.351079490859804
927,0.616802899998405
928,0.0699748014008841
929,0.247183451661196
930,0.795632057067926
931,0.433091448414459
932,0.906886778159976
933,0.630166978493695
934,0.961664834273016
935,0.473834050362777
936,0.882264953034768
937,0.190886612064627
938,0.776905671798847
939,0.357483508782994
940,0.0623588006950445
941,0.15830161962628
942,0.548442417366229
943,0.630133111600525
944,0.483886321204615
945,0.580507590097637
946,0.702342605258623
947,0.477874421981484
948,0.885286484552035
949,0.0148290479805658
950,0.273599619771747
951,0.978116816406578
952,0.993109903148765
953,0.0704608826825082
954,0.460663927504398
955,0.144377196474719
956,0.0454133241167952
957,0.335020655478471
958,0.979736984195899
959,0.310845148146269
960,0.575168360647065
961,0.717201791215881
962,0.153420382411715
963,0.266373083556915
964,0.83036300340247
965,0.331668954576241
966,0.448598977740205
967,0.547265189971952
968,0.911928233165909
969,0.715749656127139
970,0.00736386040036419
971,0.0885192117368857
972,0.0849324834480796
973,0.869452333011074
974,0.801251108412898
975,0.910959538647571
976,0.2723284965444
977,0.229179617993646
978,0.338640587405404
979,0.976296766127712
980,0.43423143749049
981,0.61257134389242
982,0.254528708970365
983,0.151539945640769
984,0.514935990627516
985,0.760891683712054
986,0.296348438169831
987,0.616105588776607
988,0.69511186926914
989,0.199051000064001
990,0.209694348358359
991,0.552512758695851
992,0.177761806009997
993,0.781205025164454
994,0.155085889448187
995,0.360337477752942
996,0.24728209136962
997,0.711590069129306
998,0.747046968418349
999,0.819652180971102
1000,0.792590768078069
1001,0.56529612664059
1002,0.0173073529187696
1003,0.0290043250065501
1004,0.0655032937814297
1005,0.112422649717449
1006,0.616636276208613
1007,0.914289866060145
1008,0.935986453480926
1009,0.123870121812012
1010,0.859620846332958
1011,0.250371065493943
1012,0.170420876084332
1013,0.572172950095936
1014,0.637876247119491
1015,0.405899502858043
1016,0.728168107457923
1017,0.24013667880534
1018,0.744387725187414
1019,0.566372077650446
1020,0.0647071195644202
1021,0.648360982238567
1022,0.48926394867697
1023,0.0518441537355682
1024,0.00204051728237808
1025,0.798313108707317
1026,0.0382197608660173
1027,0.772742304153049
1028,0.509379622755194
1029,0.158944166632456
1030,0.263480307812434
1031,0.26443918852731
1032,0.736416124476087
1033,0.704235741706674
1034,0.715665945388929
1035,0.673749904580636
1036,0.297820282350159
1037,0.453733947276593
1038,0.755040448943285
1039,0.293002187114263
1040,0.0990435559257367
1041,0.11501932968859
1042,0.591174549216142
1043,0.655025736335644
1044,0.553792023734932
1045,0.732616540415525
1046,0.830608091329763
1047,0.802928139828606
1048,0.737279919546556
1049,0.170850374713404
1050,0.41164815657875
1051,0.898902228717391
1052,0.0484656598645798
1053,0.91969068412552
1054,0.785472185881026
1055,0.850579685857195
1056,0.153661112633456
1057,0.469189686264485
1058,0.442182385586269
1059,0.681276259730612
1060,0.9685509748636
1061,0.201739462711435
1062,0.781807540695788
1063,0.0748861005553235
1064,0.228839214960633
1065,0.252304657755569
1066,0.636214705200544
1067,0.36875979232054
1068,0.777714185430304
1069,0.325302125346811
1070,0.870837792385361
1071,0.583049501585009
1072,0.315368226592669
1073,0.621210378578633
1074,0.037782378701966
1075,0.150095901351058
1076,0.0450665340450622
1077,0.766305248677287
1078,0.42357717501678
1079,0.723780889297263
1080,0.664367374767933
1081,0.0725561810308185
1082,0.360854886418265
1083,0.91576597824155
1084,0.739405938867885
1085,0.449023745729814
1086,0.610598525422091
1087,0.407739945036722
1088,0.456575655395667
1089,0.425805151038261
1090,0.691223637828918
1091,0.22045231177342
1092,0.46923662410209
1093,0.808352388677086
1094,0.789803053040432
1095,0.796504560116136
1096,0.055689164653413
1097,0.994721773446587
1098,0.8550980431503
1099,0.613591388835752
1100,0.395083750789407
1101,0.939286591097373
1102,0.708018997051447
1103,0.208278449848698
1104,0.433496325997415
1105,0.383189842421919
1106,0.458662005843838
1107,0.824231485480317
1108,0.167251128850669
1109,0.0119083843338145
1110,0.31812318985169
1111,0.0606164745109695
1112,0.425387993681401
1113,0.195366638434462
1114,0.431184358216026
1115,0.349971259253545
1116,0.146026841663801
1117,0.198268520293642
1118,0.110861235620015
1119,0.592734868732565
1120,0.571894445173019
1121,0.926107411579224
1122,0.0373565646523384
1123,0.173839723414013
1124,0.472592589139045
1125,0.053202697109069
1126,0.802511554285937
1127,0.334009568816936
1128,0.542850288818224
1129,0.208523685754863
1130,0.769946938893915
1131,0.0985883851486625
1132,0.0612748245212914
1133,0.25733969137136
1134,0.544033404441362
1135,0.324512649213391
1136,0.463018432336943
1137,0.589082969217337
1138,0.897608912390994
1139,0.620269209506469
1140,0.0503599105764646
1141,0.406389576779231
1142,0.728817402325212
1143,0.412914578696417
1144,0.375538325039114
1145,0.827724638415409
1146,0.0169993204741358
1147,0.787052726205388
1148,0.741735836529152
1149,0.424378325345568
1150,0.248047517768954
1151,0.780669949543419
1152,0.470834913525982
1153,0.286901051849719
1154,0.195461097778101
1155,0.0192169147844478
1156,0.979300140010026
1157,0.897218135878136
1158,0.690072155875856
1159,0.48502970984803
1160,0.262484244012532
1161,0.884540240432325
1162,0.0951714331349831
1163,0.345892638856512
1164,0.604272452080996
1165,0.559369392758203
1166,0.563872416114711
1167,0.113647292105724
1168,0.88122451601561
1169,0.69501630106555
1170,0.0385653730969898
1171,0.262121484914351
1172,0.853989036156533
1173,0.970579154757848
1174,0.0972548961895408
1175,0.357895779277009
1176,0.536449273579262
1177,0.230623581510019
1178,0.0256169958792166
1179,0.00672263382850602
1180,0.420746952191275
1181,0.0482125995431615
1182,0.529781226501244
1183,0.521054225995707
1184,0.546764806963599
1185,0.799952819509046
1186,0.631154869752341
1187,0.660520248542202
1188,0.482781520857025
1189,0.732173897170636
1190,0.803325263864473
1191,0.616875748388937
1192,0.297236938235272
1193,0.0685514877776555
1194,0.851321723918523
1195,0.620346203682505
1196,0.400988886037176
1197,0.464975581086269
1198,0.736692386493915
1199,0.633660520491158
1200,0.997352549821121
1201,0.78434266742415
1202,0.345326619669141
1203,0.241778733545056
1204,0.813045434569311
1205,0.225672622879815
1206,0.23884666867255
1207,0.941188322136166
1208,0.379403312942869
1209,0.236119569985781
1210,0.927792551473881
1211,0.21537606309041
1212,0.588157908284999
1213,0.69917879224451
1214,0.916745688633702
1215,0.905446448456851
1216,0.877569757189261
1217,0.88040581059678
1218,0.9882399581575
1219,0.824071226668102
1220,0.489996406887034
1221,0.644663927071154
1222,0.53758732227512
1223,0.705801916498271
1224,0.285940743189664
1225,0.05546478579111
1226,0.506201526696299
1227,0.784173356594997
1228,0.406340883074229
1229,0.294050178826449
1230,0.0808473035937095
1231,0.261210357415942
1232,0.232756170674501
1233,0.918085594545586
1234,0.177881997886773
1235,0.370869774108663
1236,0.554508243064183
1237,0.101411202672958
1238,0.703802035891805
1239,0.306747999439385
1240,0.305180147127238
1241,0.485549798013847
1242,0.240747780224697
1243,0.838508057018936
1244,0.358189355714497
1245,0.88133582554163
1246,0.145461222091541
1247,0.924119133146529
1248,0.583673819142721
1249,0.248508579246341
1250,0.355440191016916
1251,0.241092907195026
1252,0.374573957742694
1253,0.574460593944079
1254,0.00084002942441197
1255,0.0225621566920937
1256,0.768011458943918
1257,0.261438249904998
1258,0.290908994434016
1259,0.845204741820056
1260,0.221821611099869
1261,0.732906830004715
1262,0.691349853010207
1263,0.0130139324807869
1264,0.17071021670318
1265,0.828866244351725
1266,0.294490417437365
1267,0.440452249062391
1268,0.066645401796367
1269,0.598859742810925
1270,0.264859696741229
1271,0.733759432145494
1272,0.138807733191127
1273,0.263065491496815
1274,0.477253143099581
1275,0.496545908573291
1276,0.406194403754632
1277,0.778019321963863
1278,0.381599526409587
1279,0.629524185903932
1280,0.368716556121868
1281,0.750191748003475
1282,0.858369273745518
1283,0.606328008584714
1284,0.725966641621062
1285,0.1917039253466
1286,0.468699887724799
1287,0.383652916210421
1288,0.927795140613092
1289,0.51507091513735
1290,0.368768042963578
1291,0.53923374895599
1292,0.407395364958798
1293,0.218168136342828
1294,0.578145731346733
1295,0.261400692969176
1296,0.225387557421773
1297,0.000605552157650568
1298,0.93650709812122
1299,0.622173736445161
1300,0.417939462476229
1301,0.0393111444655376
1302,0.126406263172044
1303,0.11068324056471
1304,0.406512033535921
1305,0.406103089815465
1306,0.185617534822683
1307,0.427710411840391
1308,0.36870302136741
1309,0.758875065317758
1310,0.2063675520994
1311,0.752036671241185
1312,0.186247451465307
1313,0.0918663576250002
1314,0.160197527843316
1315,0.0319151013317107
1316,0.87230383589987
1317,0.116576626637633
1318,0.739970473498111
1319,0.179623474763203
1320,0.676353881976388
1321,0.416578598912402
1322,0.274012039433251
1323,0.3796428604435
1324,0.342508730088209
1325,0.0195110639576056
1326,0.141528451317778
1327,0.328855411220628
1328,0.960368622828882
1329,0.735801990225569
1330,0.676554249657151
1331,0.279111739490242
1332,0.405858012875811
1333,0.922186082665315
1334,0.0367953352444609
1335,0.907965938793567
1336,0.341585900266989
1337,0.363699775149863
1338,0.155699372400614
1339,0.981823835194894
1340,0.382840284805538
1341,0.785753681354705
1342,0.0684815706886451
1343,0.603976709069778
1344,0.537772001494413
1345,0.295725914257218
1346,0.486950736949655
1347,0.26632658750273
1348,0.909625297769308
1349,0.902013860826493
1350,0.258576259831294
1351,0.505269181376135
1352,0.284643655765234
1353,0.0215409494085654
1354,0.81152219185186
1355,0.138537550998274
1356,0.481227771293379
1357,0.79707663940473
1358,0.0605695776670173
1359,0.325259082238797
1360,0.942633059069016
1361,0.2756088678038
1362,0.78881748497121
1363,0.45583949672125
1364,0.227234443536915
1365,0.278297982751739
1366,0.109247241754078
1367,0.448858246805148
1368,0.312225060152759
1369,0.925580904638449
1370,0.707200761742688
1371,0.750191873678366
1372,0.33269757370317
1373,0.36951785823742
1374,0.0875912712090324
1375,0.116944609044577
1376,0.520061038639925
1377,0.945196199367342
1378,0.263459874589559
1379,0.2582312497007
1380,0.586047298076895
1381,0.0574523949648811
1382,0.621914690724891
1383,0.669073692646396
1384,0.140358062588938
1385,0.0550385097059171
1386,0.118641401251448
1387,0.0530614144166109
1388,0.70078466079394
1389,0.201431668651966
1390,0.365568854806601
1391,0.594134567341385
1392,0.622483715537614
1393,0.751106011550351
1394,0.183107414492234
1395,0.247150940140175
1396,0.934040040580042
1397,0.748857200573944
1398,0.0198566773441891
1399,0.348800980324175
1400,0.559775417766354
1401,0.772347490919174
1402,0.93629067234879
1403,0.71952065047406
1404,0.0533895536528554
1405,0.864693971204587
1406,0.722126447239641
1407,0.231665020365106
1408,0.800321865565654
1409,0.378726606510627
1410,0.67705742109804
1411,0.283049266132464
1412,0.213672695018321
1413,0.732656645027253
1414,0.102333564176389
1415,0.458601482402542
1416,0.327609806848323
1417,0.818300269153868
1418,0.0611120101678736
1419,0.177618556273698
1420,0.0274935467777691
1421,0.805658063474829
1422,0.865487202128297
1423,0.4692099832594
1424,0.752333428428003
1425,0.696633719970918
1426,0.379704882405657
1427,0.0609086563667433
1428,0.335612216439864
1429,0.0248210667187697
1430,0.692173314442883
1431,0.71256366546725
1432,0.21547193830533
1433,0.787316288183578
1434,0.37440236290208
1435,0.0186823225476013
1436,0.763628509560676
1437,0.258436484136072
1438,0.330556291804333
1439,0.470469866148158
1440,0.564582998169764
1441,0.386138982286535
1442,0.416093504014292
1443,0.609428339827828
1444,0.78240805208322
1445,0.240871595016219
1446,0.028919532158492
1447,0.189175087777077
1448,0.953380648278595
1449,0.225580358191627
1450,0.928207463221639
1451,0.483080901136206
1452,0.216978119723593
1453,0.266609671519564
1454,0.545492316454427
1455,0.756712782905289
1456,0.390186274631304
1457,0.879537065066203
1458,0.608383802129763
1459,0.448963342059965
1460,0.647250439548885
1461,0.222578478820556
1462,0.329425092199102
1463,0.743400176593372
1464,0.774048749281329
1465,0.887792562978849
1466,0.68684344609657
1467,0.626753577056966
1468,0.955231806859541
1469,0.623580165140295
1470,0.876771997951199
1471,0.444328937849627
1472,0.707559469081926
1473,0.940468966651944
1474,0.609383242399968
1475,0.456047418829646
1476,0.190715298755379
1477,0.668985641382918
1478,0.590586442014457
1479,0.497710483353241
1480,0.628434323464714
1481,0.303391517036904
1482,0.131650471754765
1483,0.496214429333889
1484,0.602297059772027
1485,0.0334592654677639
1486,0.503915111186472
1487,0.449117178293505
1488,0.619724231879311
1489,0.136739571827418
1490,0.611377916922177
1491,0.674933138154649
1492,0.55664879569257
1493,0.920615424461859
1494,0.303941114139662
1495,0.00102403913548343
1496,0.884076878424167
1497,0.370969006164465
1498,0.530082031866732
1499,0.746436783617939
1500,0.906456297784189
1501,0.159884290949118
1502,0.198053014941792
1503,0.539052505263973
1504,0.993191765240245
1505,0.899039137601723
1506,0.115507260219575
1507,0.886586520878079
1508,0.475437344343846
1509,0.971794788873388
1510,0.595505434959168
1511,0.864345315365187
1512,0.82917745662678
1513,0.798054931775945
1514,0.00300071706173588
1515,0.8148790173601
1516,0.459959317307396
1517,0.434489412553322
1518,0.285098632696605
1519,0.166998022322171
1520,0.999218868963511
1521,0.652058039034956
1522,0.0588442217906174
1523,0.946840846647109
1524,0.843410737854818
1525,0.720426221030787
1526,0.449193925174346
1527,0.859761674056596
1528,0.315050977605519
1529,0.733937716120198
1530,0.424928231634117
1531,0.703151533120944
1532,0.119024422340983
1533,0.968222117739497
1534,0.218522046362813
1535,0.676799455005654
1536,0.510081879919436
1537,0.190387749825665
1538,0.656512388042153
1539,0.69415004959734
1540,0.511987030907943
1541,0.547271480779063
1542,0.376380886599488
1543,0.197780535352286
1544,0.545011686574916
1545,0.408957017127993
1546,0.96414603104906
1547,0.0025484138135532
1548,0.201015753014271
1549,0.431480591628042
1550,0.496118913832779
1551,0.920049796452439
1552,0.176837909381
1553,0.772124422414239
1554,0.43000207746728
1555,0.247097392493229
1556,0.991530281475482
1557,0.840555568251397
1558,0.208062200928586
1559,0.0889993282624512
1560,0.620560554686335
1561,0.793701482715148
1562,0.180761517002657
1563,0.02677767886189
1564,0.495197976977108
1565,0.84403527073302
1566,0.182676929268687
1567,0.971558108985775
1568,0.72086841229214
1569,0.673898419692949
1570,0.367907095922242
1571,0.355325571729841
1572,0.032322764855706
1573,0.61131339536051
1574,0.552369256902619
1575,0.905552425365651
1576,0.904065045550213
1577,0.875519734789971
1578,0.307784198065459
1579,0.741480066908656
1580,0.860644275927283
1581,0.31107625755548
1582,0.195883498073529
1583,0.79238233766004
1584,0.580248165657084
1585,0.567587441796357
1586,0.613336281629752
1587,0.170915934092145
1588,0.939005404330408
1589,0.246768414860971
1590,0.269052847308539
1591,0.0966345593132861
1592,0.270187253092085
1593,0.305252643053349
1594,0.445731141368539
1595,0.0147202340853612
1596,0.67750807084224
1597,0.945152221269864
1598,0.113063043925988
1599,0.592717537503638
1600,0.927846066473832
1601,0.838096058703317
1602,0.163892028886108
1603,0.879108847629853
1604,0.0140297169392813
1605,0.336483834791029
1606,0.405194082773211
1607,0.993652177545741
1608,0.346061367946349
1609,0.356871552954307
1610,0.26805039162586
1611,0.734241009750249
1612,0.0746320565835058
1613,0.678441174072666
1614,0.288475932816105
1615,0.39627432992333
1616,0.266265339414689
1617,0.269487360754262
1618,0.0428492758080599
1619,0.419398614364284
1620,0.959927262249579
1621,0.206637029582435
1622,0.0878109222745266
1623,0.757241515029938
1624,0.599696964067164
1625,0.777553282576314
1626,0.921957396906045
1627,0.0827486373984913
1628,0.460112700623589
1629,0.247414053338831
1630,0.559986953011667
1631,0.407825685067132
1632,0.41723137998632
1633,0.561626645041425
1634,0.0897849112344214
1635,0.475096343642891
1636,0.397229934938511
1637,0.310668815171596
1638,0.0551556351294938
1639,0.717830670994389
1640,0.64092283589234
1641,0.686918474465908
1642,0.535892364899022
1643,0.249578308399036
1644,0.982264519526551
1645,0.48317984549057
1646,0.19046328145764
1647,0.741782929856071
1648,0.297800657889897
1649,0.228503859398133
1650,0.807241361970675
1651,0.24029866187967
1652,0.458346227147723
1653,0.079327557217537
1654,0.526658193553729
1655,0.614658745671378
1656,0.748801186762869
1657,0.365930547902565
1658,0.514066982768608
1659,0.42506912517371
1660,0.972319605573042
1661,0.258456073556569
1662,0.57174274352449
1663,0.47598651350409
1664,0.0301954313881831
1665,0.572950728605007
1666,0.358261625751295
1667,0.888670094827154
1668,0.100180357109646
1669,0.104165002722301
1670,0.268076884051205
1671,0.585782710626808
1672,0.761924611057514
1673,0.550089528298811
1674,0.756768210920299
1675,0.215797730915602
1676,0.615357925139746
1677,0.777810857695399
1678,0.0752528614983785
1679,0.688647347084633
1680,0.824451518203058
1681,0.295030227894809
1682,0.64304177638286
1683,0.229660677308835
1684,0.550014695114654
1685,0.249991163794616
1686,0.117253964766444
1687,0.257208737874196
1688,0.296531094579591
1689,0.207366133566261
1690,0.407081759055861
1691,0.164118481523686
1692,0.583610337301138
1693,0.248915262250322
1694,0.43278770661693
1695,0.205944785861955
1696,0.244220086369036
1697,0.264704034262787
1698,0.057379736051121
1699,0.83338976950163
1700,0.249534472516028
1701,0.690216550523773
1702,0.626813159565371
1703,0.319657378891711
1704,0.634138064168574
1705,0.866115774749763
1706,0.604440009187272
1707,0.700898924289186
1708,0.497220970094019
1709,0.817040445895589
1710,0.905702403301245
1711,0.0785532602613287
1712,0.759231268978081
1713,0.420588415117686
1714,0.81626706378984
1715,0.322207863012817
1716,0.959018749069441
1717,0.0681453068391578
1718,0.046054264084419
1719,0.218237802787613
1720,0.800970274927311
1721,0.471303342784512
1722,0.31916936352429
1723,0.490356915161697
1724,0.630225841885243
1725,0.247919449135828
1726,0.936323445504515
1727,0.513725445835424
1728,0.576163100476153
1729,0.629164772860737
1730,0.644262752538685
1731,0.572057968799775
1732,0.832315736089502
1733,0.655220348511838
1734,0.403762237244549
1735,0.892882919049483
1736,0.2847044045151
1737,0.683341682924247
1738,0.376539131773082
1739,0.328418532329201
1740,0.792618891723398
1741,0.487148380288946
1742,0.796953340416419
1743,0.309152960376739
1744,0.953207929561146
1745,0.778855726272603
1746,0.245759253897981
1747,0.810458435234233
1748,0.144979318540995
1749,0.334706982337273
1750,0.33160848436824
1751,0.671868204111514
1752,0.657644560505637
1753,0.748849851408486
1754,0.610164509087694
1755,0.255629313892107
1756,0.454634680832032
1757,0.813687140728559
1758,0.152101668553383
1759,0.444583735592739
1760,0.393919139061825
1761,0.0972133029097482
1762,0.099466863222459
1763,0.793884976094617
1764,0.759263742255246
1765,0.174163388826723
1766,0.247052846226043
1767,0.891112943633721
1768,0.59960355254046
1769,0.397464603866402
1770,0.597494313628767
1771,0.830119271293173
1772,0.653357971835038
1773,0.79706802934859
1774,0.735672804852928
1775,0.696359518827053
1776,0.656771210424474
1777,0.983146709457875
1778,0.774535578383458
1779,0.745919266281428
1780,0.433606907450608
1781,0.711523918894172
1782,0.254047605610385
1783,0.449039515311844
1784,0.945138897438871
1785,0.896081432602676
1786,0.773321347194223
1787,0.629266861589366
1788,0.947214353854789
1789,0.40772323559956
1790,0.280286495641921
1791,0.490290338302807
1792,0.989486254833518
1793,0.0556383338497912
1794,0.500654739815514
1795,0.730219065480763
1796,0.0136478344222679
1797,0.342289948504633
1798,0.923884032191207
1799,0.879830311874167
1800,0.000118903059912689
1801,0.169179328835421
1802,0.0998012729969154
1803,0.668827936498996
1804,0.106047065750819
1805,0.521626918783023
1806,0.769447019239948
1807,0.979773149047519
1808,0.588673785179355
1809,0.0861421449007524
1810,0.21378447139087
1811,0.383585704582643
1812,0.705566841470035
1813,0.136205379102878
1814,0.697710686784788
1815,0.892148731443399
1816,0.992282895864388
1817,0.172933476775342
1818,0.341962583472817
1819,0.244680454677543
1820,0.237690822163645
1821,0.264297595947576
1822,0.103609813731685
1823,0.556857758707543
1824,0.406856553120343
1825,0.0570558066619753
1826,0.433074901668702
1827,0.0877350987560818
1828,0.441178676355911
1829,0.585304202954021
1830,0.671506629180398
1831,0.404036955007067
1832,0.311554978636971
1833,0.626269501038525
1834,0.346366482942331
1835,0.546936839883735
1836,0.984644146310314
1837,0.306046727079196
1838,0.740783121743377
1839,0.184681216109685
1840,0.807497496393205
1841,0.899303889357088
1842,0.683991490495696
1843,0.393498989256635
1844,0.591385246290726
1845,0.0400554238649956
1846,0.163236951414487
1847,0.267209466972022
1848,0.0837780891952189
1849,0.251066529543435
1850,0.757594341339776
1851,0.777244289691921
1852,0.991466150035938
1853,0.27557744540495
1854,0.743795701559152
1855,0.862665411689205
1856,0.279656657654288
1857,0.674079181779944
1858,0.810781252676365
1859,0.99642623056106
1860,0.945305015352761
1861,0.200268594841637
1862,0.837043079365946
1863,0.834722762306288
1864,0.319819416980632
1865,0.157236790207972
1866,0.80763522422666
1867,0.774201770331816
1868,0.209860510434947
1869,0.92945978034161
1870,0.176545059491208
1871,0.16672358448873
1872,0.962761278416336
1873,0.917118155978121
1874,0.0245153841927169
1875,0.37491772316648
1876,0.108054476366857
1877,0.0557037026543158
1878,0.222565069534754
1879,0.634619720229056
1880,0.129543769003159
1881,0.732315632432551
1882,0.377470409221738
1883,0.609834406723981
1884,0.800727338348924
1885,0.97899174127109
1886,0.19055558929013
1887,0.924013014210324
1888,0.486893603748311
1889,0.271017877031059
1890,0.693163563125724
1891,0.969444887022773
1892,0.882892430716358
1893,0.560977962911889
1894,0.0464990706800924
1895,0.599498026751908
1896,0.135416677167009
1897,0.397153514287662
1898,0.346053028679715
1899,0.741001079673251
1900,0.58080977919053
1901,0.688528286258016
1902,0.448821755469703
1903,0.771940204862181
1904,0.412889229022905
1905,0.416565959949469
1906,0.92581429179853
1907,0.561100310732426
1908,0.802471872722845
1909,0.0357638517546366
1910,0.317990334448853
1911,0.813257296509727
1912,0.627220427691687
1913,0.545471408482155
1914,0.827386308560169
1915,0.0407419627614376
1916,0.712036757351173
1917,0.535203663106571
1918,0.589296432848919
1919,0.075536150202412
1920,0.662562663706244
1921,0.0670333840679719
1922,0.794685705910744
1923,0.358273363818715
1924,0.95462280835256
1925,0.689978669865367
1926,0.443707339563355
1927,0.226869056147929
1928,0.367107042353028
1929,0.146450093954384
1930,0.394523385389872
1931,0.900685557093209
1932,0.297024983631283
1933,0.834960946637127
1934,0.963701370755186
1935,0.161399049699493
1936,0.62169445408011
1937,0.572074871842804
1938,0.756149772296753
1939,0.714916518334854
1940,0.412685706667674
1941,0.0770701330418132
1942,0.723008917061113
1943,0.971427927486814
1944,0.400348629352786
1945,0.702582437582226
1946,0.47607497546765
1947,0.863219671143328
1948,0.150375365259527
1949,0.232999158666007
1950,0.216882519155191
1951,0.681706314067796
1952,0.088695986670901
1953,0.106365822658331
1954,0.51725435621062
1955,0.482770828546445
1956,0.94003192592758
1957,0.414090104577268
1958,0.803953850495775
1959,0.723796851987062
1960,0.237273518695089
1961,0.0249661125242298
1962,0.00493708652886693
1963,0.798834974560667
1964,0.675874962904804
1965,0.217376388935092
1966,0.126137276120776
1967,0.211092765637952
1968,0.181996507699248
1969,0.559522831243575
1970,0.676269162740119
1971,0.470254884785525
1972,0.859916823846021
1973,0.371395892623426
1974,0.824000823254545
1975,0.751141267633426
1976,0.0231518926258408
1977,0.848411118210448
1978,0.792635447265651
1979,0.76341480169208
1980,0.33252891583761
1981,0.664717325206696
1982,0.126605040526322
1983,0.853919553646852
1984,0.0726468047766711
1985,0.0837275747255246
1986,0.661896812460644
1987,0.265812001746183
1988,0.27233112626861
1989,0.0624208841219211
1990,0.600065007610086
1991,0.194435501927565
1992,0.328778500557404
1993,0.417291770307595
1994,0.625375084039797
1995,0.236031388709307
1996,0.663660048392497
1997,0.0186044652743586
1998,0.0446312475107213
1999,0.789646704929381
2000,0.619639994657785
2001,0.720748589476899
2002,0.580137169917173
2003,0.31001002371033
2004,0.370298009293349
2005,0.693708794654261
2006,0.261240046151487
2007,0.496311377067621
2008,0.24042694546581
2009,0.236439552063924
2010,0.503155331413185
2011,0.12918374153201
2012,0.861374535450438
2013,0.87562311261561
2014,0.175788079232424
2015,0.0778905749682727
2016,0.39565568479577
2017,0.353050755858304
2018,0.385418032078313
2019,0.396547945249117
2020,0.382176880036645
2021,0.828508682430255
2022,0.835305286937281
2023,0.936844802921815
2024,0.985345439389781
2025,0.756771139559869
2026,0.364678738758822
2027,0.108364657231861
2028,0.983049397055186
2029,0.912329658509453
2030,0.565887510596959
2031,0.814335527561459
2032,0.539885808719709
2033,0.873798743325015
2034,0.893466202152348
2035,0.487864598009585
2036,0.468568580787822
2037,0.669120748001351
2038,0.661189471672671
2039,0.0648561451244212
2040,0.132140761906654
2041,0.474287990268045
2042,0.849763447449268
2043,0.112031782257293
2044,0.586867395203527
2045,0.229658767660428
2046,0.349459215511333
2047,0.13870989685443
2048,0.41286959445487
2049,0.94197389959345
2050,0.823802294649395
2051,0.99524223345001
2052,0.919667357825955
2053,0.0319514717108516
2054,0.0833651352588073
2055,0.355735889226016
2056,0.942834854381158
2057,0.32145515510784
2058,0.462148584586794
2059,0.557389081315439
2060,0.381243283604192
2061,0.65616973713487
2062,0.965048783177165
2063,0.535436827186175
2064,0.810422843034835
2065,0.274884518459271
2066,0.193563684058765
2067,0.0697394421364947
2068,0.546554971851806
2069,0.515962400862555
2070,0.146787852265311
2071,0.573212026235101
2072,0.17162233207702
2073,0.151087769417867
2074,0.690810136639308
2075,0.301324871637981
2076,0.675074257207676
2077,0.885718270604551
2078,0.247998037582293
2079,0.327124754811357
2080,0.0478739852785482
2081,0.152936051653608
2082,0.918493829481099
2083,0.732942349897511
2084,0.376509646679333
2085,0.0184714751071486
2086,0.414631133903032
2087,0.707113409755969
2088,0.312862095643011
2089,0.061819753335346
2090,0.447798349057185
2091,0.296971211650368
2092,0.584932871132987
2093,0.73678490654493
2094,0.525261802627432
2095,0.272603047578469
2096,0.927189236587194
2097,0.130545139526681
2098,0.17895238998666
2099,0.877819377376258
2100,0.172577798166429
2101,0.907069129287109
2102,0.329958834193787
2103,0.152616892435612
2104,0.349697798729827
2105,0.552503759558193
2106,0.159876408154746
2107,0.215049227201732
2108,0.998757938405523
2109,0.853082882823582
2110,0.406117706432732
2111,0.0657489187516208
2112,0.83120751036176
2113,0.542957578269516
2114,0.717998743907431
2115,0.844967793521792
2116,0.400114916225672
2117,0.156889120537539
2118,0.316025636179836
2119,0.89831359120948
2120,0.575521022822268
2121,0.0321838288433239
2122,0.923101039597993
2123,0.89378830939685
2124,0.335042710049921
2125,0.541983496361359
2126,0.371003156634917
2127,0.232392016768681
2128,0.318730558257402
2129,0.242742091871419
2130,0.221186394798089
2131,0.616345841755575
2132,0.923558390348571
2133,0.215720070559582
2134,0.385294064275646
2135,0.855672692366619
2136,0.231680029539763
2137,0.254406922170681
2138,0.0819810722775772
2139,0.0500307176784676
2140,0.308287500367136
2141,0.0183851648848387
2142,0.2842782535445
2143,0.11802176322574
2144,0.119733859302104
2145,0.180457063600033
2146,0.0580842859837939
2147,0.995978575491312
2148,0.0294253920861014
2149,0.583810436499791
2150,0.624318631812841
2151,0.94461230758551
2152,0.536563062230644
2153,0.172617922767647
2154,0.949000310094295
2155,0.0430517791829848
2156,0.88439616903424
2157,0.816603583634212
2158,0.554936489830163
2159,0.821561321653547
2160,0.605917601781427
2161,0.93482832956523
2162,0.407617039244211
2163,0.0426578235943075
2164,0.319112992599474
2165,0.881802765733633
2166,0.609256461358405
2167,0.572942876767901
2168,0.304240673799383
2169,0.383370488647653
2170,0.0727125925930933
2171,0.646621404415193
2172,0.957793217537902
2173,0.113170765696044
2174,0.149829891945891
2175,0.461635658289705
2176,0.0377871184969814
2177,0.531903671633047
2178,0.613721588922907
2179,0.876177846650675
2180,0.449507246033504
2181,0.597360665573997
2182,0.494388605419077
2183,0.160234851091324
2184,0.811439356716799
2185,0.277631637849478
2186,0.820372553874043
2187,0.571985523839948
2188,0.410829721001867
2189,0.0511040042358997
2190,0.927606355986933
2191,0.839308871071272
2192,0.927974169346591
2193,0.101764265613126
2194,0.927556443974686
2195,0.256703932348461
2196,0.959841196905468
2197,0.398026514878426
2198,0.360349337237519
2199,0.257540751931119
2200,0.0888620453448536
2201,0.678235584140097
2202,0.67569659914915
2203,0.799681579749251
2204,0.642411622585758
2205,0.646800506177192
2206,0.187631074159395
2207,0.982951261427427
2208,0.920701767888388
2209,0.849954432362831
2210,0.95329509652328
2211,0.27743038594259
2212,0.517310737868513
2213,0.209778687990291
2214,0.111409072027045
2215,0.702462461194739
2216,0.119561985312891
2217,0.140121520641484
2218,0.593377089142639
2219,0.0668910521151649
2220,0.489358287127498
2221,0.97510700110104
2222,0.607058770503746
2223,0.677603278922602
2224,0.677044156590879
2225,0.303685183648537
2226,0.606149017437691
2227,0.511108271967136
2228,0.421045723982014
2229,0.112333791848607
2230,0.52711353128626
2231,0.825554322786689
2232,0.25516353794653
2233,0.21783944836117
2234,0.996107783054299
2235,0.324730939363013
2236,0.883474488242936
2237,0.890282931418282
2238,0.482499687483451
2239,0.166577253983016
2240,0.835242544752472
2241,0.832774049707268
2242,0.628274450749114
2243,0.601871113298656
2244,0.940274775926615
2245,0.0790287319081323
2246,0.950909838181119
2247,0.71838860672503
2248,0.751673250600267
2249,0.00882695911089204
2250,0.111539358845938
2251,0.606474682619847
2252,0.903871456283411
2253,0.911491734585504
2254,0.113722588454584
2255,0.585928692248739
2256,0.733107159196378
2257,0.358331521165812
2258,0.732401150222372
2259,0.483624773034021
2260,0.0657689230876607
2261,0.788724665598666
2262,0.872745305533871
2263,0.196128989887977
2264,0.642372321255694
2265,0.141428094468876
2266,0.501787768034572
2267,0.763062390925857
2268,0.805740446955856
2269,0.744505528217761
2270,0.617292631627788
2271,0.542046819410823
2272,0.955328821096706
2273,0.000744892920023332
2274,0.382341698059612
2275,0.955486704395234
2276,0.174039690491546
2277,0.917290651303677
2278,0.452203853045105
2279,0.416648644040087
2280,0.954000678092146
2281,0.988509189088012
2282,0.146062639711581
2283,0.895407334764321
2284,0.778917148838166
2285,0.712108311508795
2286,0.152096915935182
2287,0.839214559491554
2288,0.71817937309828
2289,0.644418863484913
2290,0.334180029887614
2291,0.155935303147285
2292,0.952378466487356
2293,0.38159630002179
2294,0.546085498680498
2295,0.119917269567956
2296,0.180380566845948
2297,0.063474944169347
2298,0.217366825919945
2299,0.197022698171711
2300,0.640149732933633
2301,0.356829996626334
2302,0.890003302005985
2303,0.443506096247444
2304,0.1415574376767
2305,0.415963898607886
2306,0.412918396842265
2307,0.318479019716792
2308,0.277962731453063
2309,0.110609847838722
2310,0.181987357194625
2311,0.614903801278017
2312,0.94326878710871
2313,0.540088551276823
2314,0.942295423922313
2315,0.410685963768378
2316,0.411052727999074
2317,0.00884955317739755
2318,0.852688679845926
2319,0.907453883387007
2320,0.204807893454143
2321,0.970318119980173
2322,0.95311666263443
2323,0.684271829406549
2324,0.359155671192735
2325,0.567525823343194
2326,0.0803798135149492
2327,0.41614950249261
2328,0.920638549338572
2329,0.512279967023642
2330,0.655238783519006
2331,0.524498049058698
2332,0.924127094289639
2333,0.700613520527268
2334,0.991450983496213
2335,0.986529629602475
2336,0.127079541110574
2337,0.611896534579346
2338,0.496352264837546
2339,0.156144006362505
2340,0.532050393402574
2341,0.469312529546629
2342,0.473662254287179
2343,0.321302828696516
2344,0.010351736028836
2345,0.773747155466152
2346,0.208551032876021
2347,0.0529407246631141
2348,0.330510025962996
2349,0.306436518638156
2350,0.564596298181297
2351,0.941789884244038
2352,0.890976300926687
2353,0.690555857146144
2354,0.620759075006545
2355,0.296090577798498
2356,0.0138409008969247
2357,0.410959761339203
2358,0.794020263487511
2359,0.760162362969833
2360,0.180591882293965
2361,0.842430455040219
2362,0.879707067905672
2363,0.803112435058518
2364,0.586007580050343
2365,0.994127760858713
2366,0.038467692981268
2367,0.902019141796654
2368,0.727515483936233
2369,0.932775009024762
2370,0.892571391275314
2371,0.232550793955377
2372,0.375265338002039
2373,0.788170821586313
2374,0.0694591128507738
2375,0.474641871221878
2376,0.865988987558805
2377,0.596226711427532
2378,0.701153023675794
2379,0.692677249730154
2380,0.40917919894902
2381,0.330404407731163
2382,0.822969063957991
2383,0.374167725819815
2384,0.0349752010554341
2385,0.300546020137642
2386,0.687004024061768
2387,0.174092374918375
2388,0.915882448660723
2389,0.859747376597165
2390,0.157965075690101
2391,0.992744644949656
2392,0.562676641003214
2393,0.462754713143469
2394,0.442547352637945
2395,0.384535241702346
2396,0.551088797041003
2397,0.963413238646963
2398,0.739903811239987
2399,0.458016442483271
2400,0.370351514126081
2401,0.465202790849877
2402,0.626925400239791
2403,0.507188382331207
2404,0.693098744467395
2405,0.510744961425509
2406,0.443033286484184
2407,0.451680665165377
2408,0.933024980277003
2409,0.230605902603891
2410,0.29088826846582
2411,0.585444445818299
2412,0.407326472216648
2413,0.757717429104646
2414,0.622916870522244
2415,0.961544917201347
2416,0.156626483092531
2417,0.183754481386763
2418,0.385381295862281
2419,0.301998507053355
2420,0.402854144149777
2421,0.394435886075805
2422,0.128017205254489
2423,0.145523280194236
2424,0.712125080373014
2425,0.570265830720284
2426,0.306982064774742
2427,0.611462704309839
2428,0.185470504430083
2429,0.672067075422893
2430,0.39379153970633
2431,0.74455434075679
2432,0.990549547594617
2433,0.0776845972954805
2434,0.17279981659184
2435,0.304502596572235
2436,0.721578329549878
2437,0.568967956945833
2438,0.121718083523773
2439,0.123939172348759
2440,0.349950635486794
2441,0.45545120682818
2442,0.991374290848444
2443,0.710700303715478
2444,0.773233280009314
2445,0.559037202535554
2446,0.258257657861543
2447,0.282361273034693
2448,0.176606590451644
2449,0.913411742098209
2450,0.250041058430131
2451,0.249747650018805
2452,0.0569760181880618
2453,0.572804674352115
2454,0.268938073176517
2455,0.580764303121485
2456,0.649905199202451
2457,0.430879314101464
2458,0.385626141540904
2459,0.21071529124703
2460,0.473058845526789
2461,0.847816110615317
2462,0.380866824381817
2463,0.889123257702196
2464,0.717759090968344
2465,0.457008782724708
2466,0.51364971337331
2467,0.957400612389245
2468,0.61191605138673
2469,0.570233047212655
2470,0.0123119292645667
2471,0.484453608423131
2472,0.387938378654113
2473,0.296848124711154
2474,0.486848275576013
2475,0.168870483524457
2476,0.416685127389195
2477,0.122359280496683
2478,0.927560711814742
2479,0.441229418710045
2480,0.0748303550331383
2481,0.149775294712018
2482,0.142018890062115
2483,0.509294170599714
2484,0.372155808004803
2485,0.892489752779182
2486,0.153775538962217
2487,0.633899592088805
2488,0.157503275980749
2489,0.0279496297245287
2490,0.211680948551005
2491,0.896726056259658
2492,0.197489145496903
2493,0.494278249156022
2494,0.455211754400263
2495,0.537868168266406
2496,0.0891726262274718
2497,0.16923472092203
2498,0.0865063012394401
2499,0.826636125865061
2500,0.502662332210362
2501,0.246204981057136
2502,0.954085284927826
2503,0.875702783359129
2504,0.954102512567528
2505,0.590661026782803
2506,0.309297109335011
2507,0.35003951972754
2508,0.582536191705394
2509,0.227601710618919
2510,0.0117476167114162
2511,0.494002332213874
2512,0.936453939424011
2513,0.142226928351457
2514,0.858223671006097
2515,0.446626529979531
2516,0.870904857914936
2517,0.737757406399212
2518,0.284549641814814
2519,0.778370648856866
2520,0.314340795604915
2521,0.223418170590722
2522,0.20007606011649
2523,0.386904263300695
2524,0.105935520385868
2525,0.944330771207733
2526,0.376953329788586
2527,0.938280147382975
2528,0.642683306171055
2529,0.792182703520743
2530,0.24066820945557
2531,0.831375278766566
2532,0.15913075928171
2533,0.545262862754788
2534,0.785283558209585
2535,0.795216619895487
2536,0.120005750983456
2537,0.794754022455507
2538,0.506307690407398
2539,0.189125409429246
2540,0.282947643126724
2541,0.754949388849672
2542,0.82973193781153
2543,0.518834758979404
2544,0.983154707465282
2545,0.303288147639726
2546,0.123905564655828
2547,0.682937859399422
2548,0.621146243282313
2549,0.0594007799797388
2550,0.338265149627874
2551,0.449817746034196
2552,0.730161697293283
2553,0.604964252600831
2554,0.218217037009429
2555,0.556746781684018
2556,0.120232312883128
2557,0.127474430755341
2558,0.75234427387475
2559,0.243818160215213
2560,0.250978579910408
2561,0.158568128791934
2562,0.689105111754167
2563,0.309455472824131
2564,0.128353147684688
2565,0.697165209825181
2566,0.35569952154714
2567,0.0438459135900213
2568,0.00725984443262717
2569,0.381595564514922
2570,0.599976159797009
2571,0.474660358841717
2572,0.339271509895208
2573,0.595622287726289
2574,0.929622360077489
2575,0.834411630861022
2576,0.670963462868761
2577,0.568157222019592
2578,0.510608039404957
2579,0.139780227969409
2580,0.434193905888956
2581,0.446647898346726
2582,0.638240279317558
2583,0.432286283947304
2584,0.850456258788287
2585,0.750852081704946
2586,0.226684299655827
2587,0.676816285129104
2588,0.307307103405947
2589,0.196718307694746
2590,0.89540940839884
2591,0.69583535167773
2592,0.27721964862656
2593,0.421500678381601
2594,0.39259713504642
2595,0.0375416933040491
2596,0.468636347616382
2597,0.382865183690038
2598,0.628101530423243
2599,0.959720616597208
2600,0.275027512860251
2601,0.997364992459004
2602,0.00544055829471268
2603,0.0491088027398338
2604,0.960127837243401
2605,0.130795884761978
2606,0.631262476003252
2607,0.139332421037199
2608,0.451853235955347
2609,0.878658601783296
2610,0.991659777751995
2611,0.871788791091745
2612,0.764053318196217
2613,0.328559673530213
2614,0.814033348360116
2615,0.926965382355514
2616,0.886453704691308
2617,0.900584752384089
2618,0.116813431994928
2619,0.850795604866905
2620,0.0389294531052341
2621,0.868432614956659
2622,0.798947909278559
2623,0.238538864241656
2624,0.491266322299548
2625,0.770954212959295
2626,0.860417907548304
2627,0.478147492062376
2628,0.750291168304349
2629,0.417683196050006
2630,0.641582415685317
2631,0.839554993014431
2632,0.752373932887881
2633,0.127803688049736
2634,0.629147197791009
2635,0.397715535200127
2636,0.862128523915953
2637,0.09718817014391
2638,0.282909863003294
2639,0.197186801537478
2640,0.0467500391734915
2641,0.171927124646943
2642,0.0658571451397474
2643,0.768413033782076
2644,0.829703797997148
2645,0.253509613915751
2646,0.999317787194843
2647,0.336840041742029
2648,0.666192217583926
2649,0.963716345162546
2650,0.856479702412854
2651,0.737252968926966
2652,0.370971468412009
2653,0.0369690246916675
2654,0.630919845983543
2655,0.582229388608282
2656,0.359505455704846
2657,0.592868570622736
2658,0.370513313574222
2659,0.0269586619152955
2660,0.771917769317739
2661,0.499426447476921
2662,0.741380396084145
2663,0.417060571606013
2664,0.718812864998684
2665,0.063214781210329
2666,0.699312521127539
2667,0.0768279219123377
2668,0.93198578196777
2669,0.757499611045152
2670,0.0759372869367592
2671,0.491642719236857
2672,0.289320976209963
2673,0.914249437210881
2674,0.163161868735265
2675,0.444052692479527
2676,0.122325189754912
2677,0.448500878973929
2678,0.426263450225479
2679,0.914563702992265
2680,0.167274851230189
2681,0.193066004621607
2682,0.732215753817946
2683,0.714566304409775
2684,0.575362495776121
2685,0.463169152326154
2686,0.786160539403826
2687,0.776922429858463
2688,0.934506792412681
2689,0.771874459626207
2690,0.565583842189259
2691,0.0954008868298847
2692,0.165235299711956
2693,0.345182956862013
2694,0.0393483522987931
2695,0.617931809568023
2696,0.410117579813573
2697,0.116593075388604
2698,0.535093366812262
2699,0.938199609896865
2700,0.0308917791299583
2701,0.272065631749475
2702,0.0642332748585156
2703,0.531964950897901
2704,0.462230237519455
2705,0.159184461240397
2706,0.123376435300808
2707,0.599046806765113
2708,0.430916431572773
2709,0.682906053284719
2710,0.58521244481777
2711,0.803055454003822
2712,0.70730121659218
2713,0.441031192119851
2714,0.624660068662155
2715,0.514202120866283
2716,0.98951506798844
2717,0.358472931234723
2718,0.830518818833713
2719,0.0943849189530783
2720,0.266498069367166
2721,0.862033742291109
2722,0.218068083901705
2723,0.272953309181198
2724,0.883487347265558
2725,0.74744507708966
2726,0.893542191461291
2727,0.483063777220395
2728,0.217511541505009
2729,0.728258010567838
2730,0.102237820270455
2731,0.887045553579059
2732,0.852172826415627
2733,0.195695815418442
2734,0.726644438866057
2735,0.974378912061502
2736,0.075775866663951
2737,0.893745997797719
2738,0.137838044822398
2739,0.119864540979642
2740,0.344325944712808
2741,0.401990584358069
2742,0.580124319292634
2743,0.300611481599089
2744,0.801803322301073
2745,0.955611208400959
2746,0.540972808731233
2747,0.826654398901803
2748,0.270405258255177
2749,0.54604724579742
2750,0.327734695249768
2751,0.658411133868279
2752,0.710080396541969
2753,0.856798740297465
2754,0.587093496222541
2755,0.0403795010358476
2756,0.0241958591386893
2757,0.00361445159709251
2758,0.401271166647939
2759,0.0013908564224816
2760,0.899333822675649
2761,0.694772104317257
2762,0.590160788707699
2763,0.895791528946852
2764,0.175412390437367
2765,0.522187927248026
2766,0.272859093675196
2767,0.589782359847232
2768,0.826555235005947
2769,0.703252380679412
2770,0.197019427721797
2771,0.380405128208562
2772,0.824617956205611
2773,0.777485160552108
2774,0.139284720555379
2775,0.731056935510668
2776,0.86494494625405
2777,0.528542414582226
2778,0.637446190715541
2779,0.154596671216242
2780,0.377105140341354
2781,0.815554105231339
2782,0.0980611033502629
2783,0.849646083525712
2784,0.339379347226748
2785,0.324678055066385
2786,0.752996000391205
2787,0.590362245058258
2788,0.292867664132326
2789,0.202726341878386
2790,0.0956505217781061
2791,0.291991891794651
2792,0.203518386935076
2793,0.161917892609112
2794,0.178244956577191
2795,0.749895123077426
2796,0.164165767971153
2797,0.0929321787144531
2798,0.937357833852679
2799,0.643594048931243
2800,0.886307606747958
2801,0.0234524581290831
2802,0.419295415733205
2803,0.04564801374836
2804,0.116678213387622
2805,0.603490879225199
2806,0.795370910831481
2807,0.825371531538163
2808,0.554053239075338
2809,0.143127579351615
2810,0.205006290435433
2811,0.404168589105231
2812,0.210868617505855
2813,0.901022227201341
2814,0.297589541717663
2815,0.922741825460796
2816,0.438353217852315
2817,0.294913913682281
2818,0.667018011993922
2819,0.368646142422938
2820,0.770614027429481
2821,0.447041066454196
2822,0.623754084918682
2823,0.0480976691384134
2824,0.781392977646513
2825,0.913690747237861
2826,0.231796191527616
2827,0.15991264845576
2828,0.407055680075126
2829,0.168847672852662
2830,0.410527057588475
2831,0.250140822337302
2832,0.364206244443963
2833,0.580653521577687
2834,0.99950478259411
2835,0.962842926722575
2836,0.131177636505409
2837,0.842968124280639
2838,0.774253234863817
2839,0.600154331488192
2840,0.756767000313326
2841,0.52956821331178
2842,0.628215853316322
2843,0.133395565161378
2844,0.212210276984501
2845,0.0629269673407059
2846,0.242032980133981
2847,0.637061750000692
2848,0.0403589367501117
2849,0.0700971345213371
2850,0.618262179039541
2851,0.00440661886064231
2852,0.118075798139173
2853,0.819530335603341
2854,0.88304302169287
2855,0.761407250717596
2856,0.882016969084447
2857,0.83110229858353
2858,0.0641635832954318
2859,0.954308632477251
2860,0.623146091375176
2861,0.864279760443357
2862,0.355449386033202
2863,0.970488951317579
2864,0.661589943361275
2865,0.624684289743161
2866,0.819881858853387
2867,0.729937438251911
2868,0.505583001598583
2869,0.0608878352612833
2870,0.969642168273123
2871,0.151079698201764
2872,0.730470537495527
2873,0.982141270092754
2874,0.500130151618377
2875,0.0664133649806651
2876,0.289439137990283
2877,0.739268217884496
2878,0.633676751479986
2879,0.625570021370147
2880,0.459183660807532
2881,0.861656462641553
2882,0.160243971920571
2883,0.396729363415101
2884,0.403449451221548
2885,0.35031593130453
2886,0.863597446097896
2887,0.307813994732075
2888,0.0593095472965223
2889,0.92118323759065
2890,0.340681064250405
2891,0.4249436818011
2892,0.423289024106269
2893,0.993917230744853
2894,0.118876802925687
2895,0.103846592094425
2896,0.067353635121131
2897,0.892034959948895
2898,0.470112064990482
2899,0.72613638853508
2900,0.597166619612105
2901,0.590118888917706
2902,0.984099859971769
2903,0.469645913689586
2904,0.0500142161269291
2905,0.721822713201713
2906,0.559744364916858
2907,0.407157299718932
2908,0.286339581242341
2909,0.457130380078862
2910,0.994659701175215
2911,0.455593002220069
2912,0.893181785491766
2913,0.661951924860503
2914,0.755039675173458
2915,0.441596173992854
2916,0.69204781501556
2917,0.820980733493138
2918,0.39107545294253
2919,0.681991590553283
2920,0.102769093733749
2921,0.813741987023531
2922,0.394502982338822
2923,0.539765722544974
2924,0.118062998288272
2925,0.322589999114878
2926,0.729234230315728
2927,0.0029640318417703
2928,0.427232202081566
2929,0.916625153091264
2930,0.433698145300872
2931,0.795849687885018
2932,0.207500078152225
2933,0.560178026749373
2934,0.0448594917655076
2935,0.757652867723705
2936,0.620176402514795
2937,0.116828935231687
2938,0.78646232028033
2939,0.404680813390137
2940,0.529834446568015
2941,0.823139575685867
2942,0.588493919617385
2943,0.114173507909975
2944,0.0343738084768642
2945,0.949965214626496
2946,0.030294041741131
2947,0.205382227906567
2948,0.526250872505293
2949,0.551659145289087
2950,0.926041650390833
2951,0.149520198815339
2952,0.652042829775639
2953,0.411375724167649
2954,0.823580399250799
2955,0.965016218255723
2956,0.82634000491267
2957,0.32488961075124
2958,0.757391528982305
2959,0.496190819927423
2960,0.615025656047469
2961,0.208429739232387
2962,0.363672688615799
2963,0.530245218377431
2964,0.906589199772754
2965,0.951401724999251
2966,0.836881520262871
2967,0.509257720714803
2968,0.60691468760428
2969,0.609068293956102
2970,0.58494983773046
2971,0.145987273408665
2972,0.527772253000048
2973,0.676980150412076
2974,0.60704229796777
2975,0.712108909496134
2976,0.743969379466018
2977,0.213759974350179
2978,0.042482313523184
2979,0.624446537280999
2980,0.24967480293904
2981,0.755131664128533
2982,0.718466538385371
2983,0.235914990299389
2984,0.471723785085497
2985,0.95662071603652
2986,0.759033268934701
2987,0.177929163715526
2988,0.617754999959899
2989,0.887066332760906
2990,0.111636431862031
2991,0.805562758575232
2992,0.886122127411249
2993,0.163476695050363
2994,0.0117641819256424
2995,0.300583828860867
2996,0.904506566523376
2997,0.731626726999589
2998,0.536860644560755
2999,0.776001280441686
3000,0.207826202021395
3001,0.379796052245888
3002,0.851082661927507
3003,0.625321479260414
3004,0.913511181197222
3005,0.676996330125305
3006,0.268831483673725
3007,0.459578877788287
3008,0.833373613690374
3009,0.468071127764947
3010,0.801843090107553
3011,0.0474931466794137
3012,0.900857728911614
3013,0.999853048982142
3014,0.705807065344414
3015,0.810602547462067
3016,0.531390059943874
3017,0.0580504662091395
3018,0.947772625194657
3019,0.0320351742565621
3020,0.348231826936328
3021,0.66193935786072
3022,0.349863494225339
3023,0.818689552029933
3024,0.47260942170457
3025,0.360663920540015
3026,0.523400265495573
3027,0.211484554707376
3028,0.905657513588993
3029,0.762398422708359
3030,0.0698416565062999
3031,0.598524517400009
3032,0.198952204197545
3033,0.917824801829094
3034,0.410474965077963
3035,0.986972183229403
3036,0.917357897096488
3037,0.164128082777775
3038,0.90461484096226
3039,0.707439395837233
3040,0.619277255347055
3041,0.0949762186302194
3042,0.279133015799223
3043,0.45547729291579
3044,0.0707895131966086
3045,0.828343654593039
3046,0.932037888045919
3047,0.755404138122464
3048,0.849261526790316
3049,0.146130434110753
3050,0.404538694398378
3051,0.56004414698614
3052,0.858205949405379
3053,0.610340213549129
3054,0.588055262525294
3055,0.0542819567172279
3056,0.893636397161545
3057,0.282789788891723
3058,0.0862143636439371
3059,0.19954414368305
3060,0.134232086082807
3061,0.878423095597143
3062,0.0123629401599704
3063,0.301965443371274
3064,0.188416399116148
3065,0.602646531142343
3066,0.951728566910103
3067,0.744239319804467
3068,0.53198630997302
3069,0.0100181452777951
3070,0.523372698667374
3071,0.384972611228649
3072,0.177313523506925
3073,0.602446868368686
3074,0.60679879194335
3075,0.455074222551023
3076,0.363551089020221
3077,0.365324176254933
3078,0.405976323205796
3079,0.435786752530987
3080,0.0791473112640564
3081,0.315089914979016
3082,0.184567196339287
3083,0.508623457694735
3084,0.261153921908564
3085,0.271863848323808
3086,0.480621338240841
3087,0.923469711846466
3088,0.914307253972102
3089,0.262421359502286
3090,0.236359675454489
3091,0.76027560711717
3092,0.540912201157835
3093,0.249065967710985
3094,0.489365713488185
3095,0.621358926608697
3096,0.857851405458561
3097,0.548255818326532
3098,0.266036842889628
3099,0.052574318387096
3100,0.719753529649374
3101,0.227675407332624
